product_id,product_name,category,unit_price,unit_cost,lead_time_days,reorder_cost,holding_cost_per_unit,current_stock,history_days,avg_daily_demand,std_daily_demand,cv,demand_variability,avg_demand_last_7d,avg_demand_last_14d,avg_demand_last_30d,forecast_daily_demand,forecast_next_7d,forecast_next_14d,forecast_next_30d,days_of_stock_remaining,stockout_risk,reference_date
P001,Sparkling Water 500ml,Beverages,1.5,0.6,3,50.0,0.05,1955,547,618.33,153.03,0.2475,Stable,829.86,791.93,785.97,809.7,5667.9,11335.8,24291.0,2.4,HIGH,2024-06-30
P026,Greek Yoghurt 500g,Dairy,2.8,1.3,2,40.0,0.07,1487,547,613.83,156.78,0.2554,Stable,740.86,747.14,775.3,749.63,5247.4,10494.8,22488.9,2.0,HIGH,2024-06-30
P031,White Bread 800g,Bakery,1.8,0.75,2,35.0,0.05,3047,547,713.65,108.73,0.1524,Stable,704.86,699.0,726.87,707.5,4952.5,9905.0,21225.1,4.3,LOW,2024-06-30
P039,Ice Cream 1L,Frozen Foods,4.99,2.1,4,65.0,0.14,1527,547,542.71,135.95,0.2505,Stable,649.57,673.79,691.77,665.27,4656.9,9313.8,19958.2,2.3,HIGH,2024-06-30
P025,Whole Milk 2L,Dairy,2.1,1.1,2,40.0,0.06,2704,547,659.74,102.56,0.1555,Stable,639.29,661.36,673.0,652.65,4568.6,9137.1,19579.5,4.1,LOW,2024-06-30
P009,Chocolate Bar 50g,Snacks,1.2,0.55,3,45.0,0.04,1662,547,697.79,171.0,0.2451,Stable,528.29,545.5,552.63,538.32,3768.2,7536.5,16149.6,3.1,MEDIUM,2024-06-30
P007,Potato Chips 150g,Snacks,1.99,0.85,4,50.0,0.06,2195,547,498.22,79.97,0.1605,Stable,484.57,479.57,494.63,485.08,3395.6,6791.2,14552.5,4.5,MEDIUM,2024-06-30
P036,Frozen Pizza 400g,Frozen Foods,4.2,1.9,5,70.0,0.13,1858,547,530.09,133.14,0.2512,Stable,442.57,417.79,419.17,430.45,3013.2,6026.4,12913.6,4.3,HIGH,2024-06-30
P019,Deodorant Spray 150ml,Personal Care,3.8,1.6,5,65.0,0.11,794,547,345.67,89.16,0.2579,Stable,418.86,429.71,451.23,428.59,3000.1,6000.3,12857.7,1.9,HIGH,2024-06-30
P030,Skimmed Milk 1L,Dairy,1.6,0.8,2,38.0,0.05,1229,547,384.19,63.22,0.1645,Stable,385.86,389.07,388.9,387.43,2712.0,5424.0,11622.9,3.2,MEDIUM,2024-06-30
P002,Orange Juice 1L,Beverages,2.2,1.1,4,60.0,0.08,1724,547,387.35,62.91,0.1624,Stable,387.43,383.43,388.8,386.5,2705.5,5411.0,11595.1,4.5,MEDIUM,2024-06-30
P015,Toothpaste 100ml,Personal Care,2.5,1.1,5,60.0,0.08,1430,547,332.45,53.43,0.1607,Stable,366.71,350.71,339.37,356.44,2495.1,4990.2,10693.3,4.0,HIGH,2024-06-30
P038,Frozen Chips 750g,Frozen Foods,2.8,1.2,5,58.0,0.09,1341,547,358.49,58.52,0.1632,Stable,349.86,355.79,359.07,353.48,2474.3,4948.7,10604.3,3.8,HIGH,2024-06-30
P020,Dish Soap 500ml,Household,2.2,0.95,5,55.0,0.07,1672,547,359.03,58.91,0.1641,Stable,336.29,355.79,358.1,346.5,2425.5,4851.0,10395.0,4.8,HIGH,2024-06-30
P032,Sourdough Loaf 600g,Bakery,3.5,1.6,2,45.0,0.09,915,547,330.57,56.94,0.1723,Stable,337.14,342.36,338.0,338.88,2372.2,4744.3,10166.4,2.7,MEDIUM,2024-06-30
P037,Frozen Peas 1kg,Frozen Foods,2.5,1.1,5,55.0,0.08,1412,547,335.91,54.49,0.1622,Stable,324.57,322.21,329.3,324.81,2273.7,4547.3,9744.3,4.3,HIGH,2024-06-30
P027,Cheddar Cheese 400g,Dairy,4.5,2.2,3,55.0,0.12,880,547,302.65,49.81,0.1646,Stable,307.14,298.29,306.3,304.32,2130.2,4260.4,9129.5,2.9,HIGH,2024-06-30
P021,Paper Towels 6pk,Household,5.5,2.5,6,80.0,0.16,1720,547,301.01,49.45,0.1643,Stable,302.29,295.0,305.47,300.74,2105.2,4210.3,9022.1,5.7,HIGH,2024-06-30
P005,Coffee Capsules 10pk,Beverages,5.99,2.8,6,80.0,0.15,1534,547,390.18,97.59,0.2501,Stable,287.57,295.57,306.7,293.8,2056.6,4113.2,8813.9,5.2,HIGH,2024-06-30
P012,Granola Bar 6pk,Snacks,3.2,1.5,5,60.0,0.09,1152,547,277.4,46.01,0.1659,Stable,281.71,278.36,279.4,280.24,1961.7,3923.4,8407.3,4.1,HIGH,2024-06-30
P016,Hand Sanitizer 250ml,Personal Care,3.0,1.2,4,55.0,0.09,666,547,276.44,101.75,0.3681,Moderate,265.86,253.71,229.07,254.86,1784.0,3568.0,7645.7,2.6,HIGH,2024-06-30
P003,Energy Drink 250ml,Beverages,1.8,0.75,5,55.0,0.06,1062,547,251.36,85.91,0.3418,Moderate,211.86,202.71,236.97,214.14,1499.0,2997.9,6424.1,5.0,HIGH,2024-06-30
P033,Croissants 4pk,Bakery,2.6,1.1,2,40.0,0.07,464,547,212.92,61.66,0.2896,Stable,195.29,207.0,217.13,203.17,1422.2,2844.4,6095.1,2.3,MEDIUM,2024-06-30
P011,Popcorn Microwave 3pk,Snacks,2.5,1.0,4,55.0,0.07,607,547,187.07,59.85,0.3199,Moderate,191.86,186.79,183.03,188.57,1320.0,2640.0,5657.1,3.2,HIGH,2024-06-30
P024,All-Purpose Cleaner 750ml,Household,3.2,1.4,5,60.0,0.09,454,547,186.71,60.1,0.3219,Moderate,175.57,168.36,174.73,173.24,1212.7,2425.4,5197.2,2.6,HIGH,2024-06-30
P006,Coconut Water 330ml,Beverages,2.0,0.9,5,55.0,0.07,302,547,114.88,32.3,0.2811,Stable,144.86,140.86,145.47,143.78,1006.5,2012.9,4313.4,2.1,HIGH,2024-06-30
P028,Butter 250g,Dairy,3.5,1.8,3,50.0,0.1,569,547,197.5,53.99,0.2734,Stable,133.71,150.29,148.03,141.55,990.8,1981.7,4246.5,4.0,MEDIUM,2024-06-30
P014,Shampoo 400ml,Personal Care,4.99,2.1,7,80.0,0.14,554,547,138.91,26.01,0.1872,Stable,131.0,132.64,135.17,132.33,926.3,1852.6,3969.8,4.2,HIGH,2024-06-30
P034,Muffins 6pk,Bakery,3.2,1.4,2,42.0,0.08,509,547,139.31,26.92,0.1932,Stable,129.14,135.0,134.1,131.89,923.2,1846.5,3956.7,3.9,MEDIUM,2024-06-30
P040,Frozen Fish Fillets 500g,Frozen Foods,6.5,3.0,6,90.0,0.18,478,547,122.32,25.69,0.21,Stable,128.29,131.57,125.27,128.67,900.7,1801.3,3860.0,3.7,HIGH,2024-06-30
P023,Trash Bags 20pk,Household,4.5,2.0,6,70.0,0.13,527,547,121.87,25.35,0.208,Stable,131.0,121.93,120.6,126.2,883.4,1766.8,3786.0,4.2,HIGH,2024-06-30
P013,Pretzels 200g,Snacks,2.1,0.95,4,52.0,0.06,490,547,122.21,24.47,0.2002,Stable,124.57,124.71,121.93,124.09,868.6,1737.2,3722.6,3.9,HIGH,2024-06-30
P010,Rice Cakes 100g,Snacks,1.6,0.7,5,50.0,0.05,460,547,109.88,22.04,0.2006,Stable,122.29,114.57,113.33,118.18,827.3,1654.5,3545.4,3.9,HIGH,2024-06-30
P029,Cream Cheese 200g,Dairy,2.9,1.4,3,48.0,0.08,408,547,111.45,23.23,0.2085,Stable,115.86,115.86,111.77,115.04,805.3,1610.5,3451.2,3.5,MEDIUM,2024-06-30
P022,Laundry Detergent 1kg,Household,7.99,3.5,8,100.0,0.22,503,547,111.68,23.91,0.2141,Stable,117.14,112.36,113.47,114.97,804.8,1609.6,3449.2,4.4,HIGH,2024-06-30
P017,Body Lotion 200ml,Personal Care,5.5,2.4,7,85.0,0.15,425,547,126.42,36.12,0.2857,Stable,103.43,106.43,104.73,104.59,732.1,1464.3,3137.7,4.1,HIGH,2024-06-30
P008,Mixed Nuts 200g,Snacks,4.5,2.2,7,75.0,0.12,338,547,125.25,34.57,0.276,Stable,106.29,102.5,100.93,104.08,728.6,1457.1,3122.4,3.2,HIGH,2024-06-30
P035,Rye Bread 500g,Bakery,2.9,1.25,2,40.0,0.07,289,547,100.03,21.35,0.2135,Stable,101.29,99.64,105.13,101.56,710.9,1421.9,3046.9,2.8,MEDIUM,2024-06-30
P018,Razor 5pk,Personal Care,6.99,3.1,6,90.0,0.18,358,547,83.93,18.32,0.2183,Stable,83.43,81.64,79.33,82.07,574.5,1149.0,2462.2,4.4,HIGH,2024-06-30
P004,Green Tea Bags 50pk,Beverages,3.5,1.8,7,70.0,0.1,246,547,83.97,23.47,0.2795,Stable,72.0,69.36,67.03,70.21,491.5,983.0,2106.4,3.5,HIGH,2024-06-30
